filter_method,classifier,accuracy,precision,recall,F1,MCC,Balanced_accuracy,total_time,features
CHI,knn,0.9499298081422555,0.8767890843071644,0.8621004109399987,0.8689810705290583,0.9072945946808285,0.8621004109399987,0.540341854095459,"['meanX', 'maxX', 'meanX2', 'sdX2', 'sdZ2', 'sdMagnitude2']"
CHI,svm,0.9499298081422555,0.8502050228681121,0.8075849589770051,0.8126943609488618,0.9071882548346071,0.8075849589770051,0.9641625881195068,"['meanX', 'maxX', 'meanX2', 'sdX2', 'sdZ2', 'sdMagnitude2']"
CHI,knn,0.9499298081422555,0.8767890843071644,0.8621004109399987,0.8689810705290583,0.9072945946808285,0.8621004109399987,0.21622371673583984,"['meanX', 'maxX', 'meanX2', 'sdX2', 'sdZ2', 'sdMagnitude2']"
CHI,svm,0.9499298081422555,0.8502050228681121,0.8075849589770051,0.8126943609488618,0.9071882548346071,0.8075849589770051,1.8299527168273926,"['meanX', 'maxX', 'meanX2', 'sdX2', 'sdZ2', 'sdMagnitude2']"
CHI,knn,0.9499298081422555,0.8767890843071644,0.8621004109399987,0.8689810705290583,0.9072945946808285,0.8621004109399987,0.6619288921356201,"['meanX', 'maxX', 'meanX2', 'sdX2', 'sdZ2', 'sdMagnitude2']"
CHI,svm,0.9499298081422555,0.8502050228681121,0.8075849589770051,0.8126943609488618,0.9071882548346071,0.8075849589770051,2.011481285095215,"['meanX', 'maxX', 'meanX2', 'sdX2', 'sdZ2', 'sdMagnitude2']"
CHI,knn,0.9499298081422555,0.8767890843071644,0.8621004109399987,0.8689810705290583,0.9072945946808285,0.8621004109399987,0.6404962539672852,"['meanX', 'maxX', 'meanX2', 'sdX2', 'sdZ2', 'sdMagnitude2']"
CHI,svm,0.9499298081422555,0.8502050228681121,0.8075849589770051,0.8126943609488618,0.9071882548346071,0.8075849589770051,1.915616512298584,"['meanX', 'maxX', 'meanX2', 'sdX2', 'sdZ2', 'sdMagnitude2']"
CHI,knn,0.9499298081422555,0.8767890843071644,0.8621004109399987,0.8689810705290583,0.9072945946808285,0.8621004109399987,0.22387361526489258,"['meanX', 'maxX', 'meanX2', 'sdX2', 'sdZ2', 'sdMagnitude2']"
CHI,svm,0.9499298081422555,0.8502050228681121,0.8075849589770051,0.8126943609488618,0.9071882548346071,0.8075849589770051,1.2026960849761963,"['meanX', 'maxX', 'meanX2', 'sdX2', 'sdZ2', 'sdMagnitude2']"
CHI,knn,0.9499298081422555,0.8767890843071644,0.8621004109399987,0.8689810705290583,0.9072945946808285,0.8621004109399987,0.504976749420166,"['meanX', 'maxX', 'meanX2', 'sdX2', 'sdZ2', 'sdMagnitude2']"
CHI,svm,0.9499298081422555,0.8502050228681121,0.8075849589770051,0.8126943609488618,0.9071882548346071,0.8075849589770051,1.569991111755371,"['meanX', 'maxX', 'meanX2', 'sdX2', 'sdZ2', 'sdMagnitude2']"
CHI,knn,0.9499298081422555,0.8767890843071644,0.8621004109399987,0.8689810705290583,0.9072945946808285,0.8621004109399987,0.48250818252563477,"['meanX', 'maxX', 'meanX2', 'sdX2', 'sdZ2', 'sdMagnitude2']"
CHI,svm,0.9499298081422555,0.8502050228681121,0.8075849589770051,0.8126943609488618,0.9071882548346071,0.8075849589770051,2.589693069458008,"['meanX', 'maxX', 'meanX2', 'sdX2', 'sdZ2', 'sdMagnitude2']"
CHI,knn,0.9499298081422555,0.8767890843071644,0.8621004109399987,0.8689810705290583,0.9072945946808285,0.8621004109399987,0.5325901508331299,"['meanX', 'maxX', 'meanX2', 'sdX2', 'sdZ2', 'sdMagnitude2']"
CHI,svm,0.9499298081422555,0.8502050228681121,0.8075849589770051,0.8126943609488618,0.9071882548346071,0.8075849589770051,1.518505334854126,"['meanX', 'maxX', 'meanX2', 'sdX2', 'sdZ2', 'sdMagnitude2']"
CHI,knn,0.9499298081422555,0.8767890843071644,0.8621004109399987,0.8689810705290583,0.9072945946808285,0.8621004109399987,0.4097425937652588,"['meanX', 'maxX', 'meanX2', 'sdX2', 'sdZ2', 'sdMagnitude2']"
CHI,svm,0.9499298081422555,0.8502050228681121,0.8075849589770051,0.8126943609488618,0.9071882548346071,0.8075849589770051,1.6598594188690186,"['meanX', 'maxX', 'meanX2', 'sdX2', 'sdZ2', 'sdMagnitude2']"
CHI,knn,0.9499298081422555,0.8767890843071644,0.8621004109399987,0.8689810705290583,0.9072945946808285,0.8621004109399987,0.24335002899169922,"['meanX', 'maxX', 'meanX2', 'sdX2', 'sdZ2', 'sdMagnitude2']"
CHI,svm,0.9499298081422555,0.8502050228681121,0.8075849589770051,0.8126943609488618,0.9071882548346071,0.8075849589770051,1.2147982120513916,"['meanX', 'maxX', 'meanX2', 'sdX2', 'sdZ2', 'sdMagnitude2']"
CHI,knn,0.9499298081422555,0.8767890843071644,0.8621004109399987,0.8689810705290583,0.9072945946808285,0.8621004109399987,0.24747395515441895,"['meanX', 'maxX', 'meanX2', 'sdX2', 'sdZ2', 'sdMagnitude2']"
CHI,svm,0.9499298081422555,0.8502050228681121,0.8075849589770051,0.8126943609488618,0.9071882548346071,0.8075849589770051,0.7820043563842773,"['meanX', 'maxX', 'meanX2', 'sdX2', 'sdZ2', 'sdMagnitude2']"
CHI,knn,0.9499298081422555,0.8767890843071644,0.8621004109399987,0.8689810705290583,0.9072945946808285,0.8621004109399987,0.22140264511108398,"['meanX', 'maxX', 'meanX2', 'sdX2', 'sdZ2', 'sdMagnitude2']"
CHI,svm,0.9499298081422555,0.8502050228681121,0.8075849589770051,0.8126943609488618,0.9071882548346071,0.8075849589770051,1.7572786808013916,"['meanX', 'maxX', 'meanX2', 'sdX2', 'sdZ2', 'sdMagnitude2']"
CHI,knn,0.9499298081422555,0.8767890843071644,0.8621004109399987,0.8689810705290583,0.9072945946808285,0.8621004109399987,0.2796452045440674,"['meanX', 'maxX', 'meanX2', 'sdX2', 'sdZ2', 'sdMagnitude2']"
CHI,svm,0.9499298081422555,0.8502050228681121,0.8075849589770051,0.8126943609488618,0.9071882548346071,0.8075849589770051,1.3845000267028809,"['meanX', 'maxX', 'meanX2', 'sdX2', 'sdZ2', 'sdMagnitude2']"
CHI,knn,0.9499298081422555,0.8767890843071644,0.8621004109399987,0.8689810705290583,0.9072945946808285,0.8621004109399987,0.30959486961364746,"['meanX', 'maxX', 'meanX2', 'sdX2', 'sdZ2', 'sdMagnitude2']"
CHI,svm,0.9499298081422555,0.8502050228681121,0.8075849589770051,0.8126943609488618,0.9071882548346071,0.8075849589770051,1.1869878768920898,"['meanX', 'maxX', 'meanX2', 'sdX2', 'sdZ2', 'sdMagnitude2']"
CHI,knn,0.9499298081422555,0.8767890843071644,0.8621004109399987,0.8689810705290583,0.9072945946808285,0.8621004109399987,0.2994649410247803,"['meanX', 'maxX', 'meanX2', 'sdX2', 'sdZ2', 'sdMagnitude2']"
CHI,svm,0.9499298081422555,0.8502050228681121,0.8075849589770051,0.8126943609488618,0.9071882548346071,0.8075849589770051,1.3984007835388184,"['meanX', 'maxX', 'meanX2', 'sdX2', 'sdZ2', 'sdMagnitude2']"
CHI,knn,0.9499298081422555,0.8767890843071644,0.8621004109399987,0.8689810705290583,0.9072945946808285,0.8621004109399987,0.21820592880249023,"['meanX', 'maxX', 'meanX2', 'sdX2', 'sdZ2', 'sdMagnitude2']"
CHI,svm,0.9499298081422555,0.8502050228681121,0.8075849589770051,0.8126943609488618,0.9071882548346071,0.8075849589770051,1.0991456508636475,"['meanX', 'maxX', 'meanX2', 'sdX2', 'sdZ2', 'sdMagnitude2']"
CHI,knn,0.9499298081422555,0.8767890843071644,0.8621004109399987,0.8689810705290583,0.9072945946808285,0.8621004109399987,0.30847692489624023,"['meanX', 'maxX', 'meanX2', 'sdX2', 'sdZ2', 'sdMagnitude2']"
CHI,svm,0.9499298081422555,0.8502050228681121,0.8075849589770051,0.8126943609488618,0.9071882548346071,0.8075849589770051,0.9428048133850098,"['meanX', 'maxX', 'meanX2', 'sdX2', 'sdZ2', 'sdMagnitude2']"
CHI,knn,0.9499298081422555,0.8767890843071644,0.8621004109399987,0.8689810705290583,0.9072945946808285,0.8621004109399987,0.27152347564697266,"['meanX', 'maxX', 'meanX2', 'sdX2', 'sdZ2', 'sdMagnitude2']"
CHI,svm,0.9499298081422555,0.8502050228681121,0.8075849589770051,0.8126943609488618,0.9071882548346071,0.8075849589770051,0.9432756900787354,"['meanX', 'maxX', 'meanX2', 'sdX2', 'sdZ2', 'sdMagnitude2']"
CHI,knn,0.9499298081422555,0.8767890843071644,0.8621004109399987,0.8689810705290583,0.9072945946808285,0.8621004109399987,0.27613019943237305,"['meanX', 'maxX', 'meanX2', 'sdX2', 'sdZ2', 'sdMagnitude2']"
CHI,svm,0.9499298081422555,0.8502050228681121,0.8075849589770051,0.8126943609488618,0.9071882548346071,0.8075849589770051,0.8778753280639648,"['meanX', 'maxX', 'meanX2', 'sdX2', 'sdZ2', 'sdMagnitude2']"
CHI,knn,0.9499298081422555,0.8767890843071644,0.8621004109399987,0.8689810705290583,0.9072945946808285,0.8621004109399987,0.21848249435424805,"['meanX', 'maxX', 'meanX2', 'sdX2', 'sdZ2', 'sdMagnitude2']"
CHI,svm,0.9499298081422555,0.8502050228681121,0.8075849589770051,0.8126943609488618,0.9071882548346071,0.8075849589770051,0.7804722785949707,"['meanX', 'maxX', 'meanX2', 'sdX2', 'sdZ2', 'sdMagnitude2']"
CHI,knn,0.9499298081422555,0.8767890843071644,0.8621004109399987,0.8689810705290583,0.9072945946808285,0.8621004109399987,0.2110447883605957,"['meanX', 'maxX', 'meanX2', 'sdX2', 'sdZ2', 'sdMagnitude2']"
CHI,svm,0.9499298081422555,0.8502050228681121,0.8075849589770051,0.8126943609488618,0.9071882548346071,0.8075849589770051,0.7752270698547363,"['meanX', 'maxX', 'meanX2', 'sdX2', 'sdZ2', 'sdMagnitude2']"
CHI,knn,0.9499298081422555,0.8767890843071644,0.8621004109399987,0.8689810705290583,0.9072945946808285,0.8621004109399987,0.21654748916625977,"['meanX', 'maxX', 'meanX2', 'sdX2', 'sdZ2', 'sdMagnitude2']"
CHI,svm,0.9499298081422555,0.8502050228681121,0.8075849589770051,0.8126943609488618,0.9071882548346071,0.8075849589770051,0.7980444431304932,"['meanX', 'maxX', 'meanX2', 'sdX2', 'sdZ2', 'sdMagnitude2']"
CHI,knn,0.9499298081422555,0.8767890843071644,0.8621004109399987,0.8689810705290583,0.9072945946808285,0.8621004109399987,0.1995222568511963,"['meanX', 'maxX', 'meanX2', 'sdX2', 'sdZ2', 'sdMagnitude2']"
CHI,svm,0.9499298081422555,0.8502050228681121,0.8075849589770051,0.8126943609488618,0.9071882548346071,0.8075849589770051,0.7488205432891846,"['meanX', 'maxX', 'meanX2', 'sdX2', 'sdZ2', 'sdMagnitude2']"
CHI,knn,0.9499298081422555,0.8767890843071644,0.8621004109399987,0.8689810705290583,0.9072945946808285,0.8621004109399987,0.1736278533935547,"['meanX', 'maxX', 'meanX2', 'sdX2', 'sdZ2', 'sdMagnitude2']"
CHI,svm,0.9499298081422555,0.8502050228681121,0.8075849589770051,0.8126943609488618,0.9071882548346071,0.8075849589770051,1.3605046272277832,"['meanX', 'maxX', 'meanX2', 'sdX2', 'sdZ2', 'sdMagnitude2']"
CHI,knn,0.9499298081422555,0.8767890843071644,0.8621004109399987,0.8689810705290583,0.9072945946808285,0.8621004109399987,0.20644450187683105,"['meanX', 'maxX', 'meanX2', 'sdX2', 'sdZ2', 'sdMagnitude2']"
CHI,svm,0.9499298081422555,0.8502050228681121,0.8075849589770051,0.8126943609488618,0.9071882548346071,0.8075849589770051,0.7182643413543701,"['meanX', 'maxX', 'meanX2', 'sdX2', 'sdZ2', 'sdMagnitude2']"
CHI,knn,0.9499298081422555,0.8767890843071644,0.8621004109399987,0.8689810705290583,0.9072945946808285,0.8621004109399987,0.1708238124847412,"['meanX', 'maxX', 'meanX2', 'sdX2', 'sdZ2', 'sdMagnitude2']"
CHI,svm,0.9499298081422555,0.8502050228681121,0.8075849589770051,0.8126943609488618,0.9071882548346071,0.8075849589770051,0.9363367557525635,"['meanX', 'maxX', 'meanX2', 'sdX2', 'sdZ2', 'sdMagnitude2']"
CHI,knn,0.9499298081422555,0.8767890843071644,0.8621004109399987,0.8689810705290583,0.9072945946808285,0.8621004109399987,0.242173433303833,"['meanX', 'maxX', 'meanX2', 'sdX2', 'sdZ2', 'sdMagnitude2']"
CHI,svm,0.9499298081422555,0.8502050228681121,0.8075849589770051,0.8126943609488618,0.9071882548346071,0.8075849589770051,0.7021484375,"['meanX', 'maxX', 'meanX2', 'sdX2', 'sdZ2', 'sdMagnitude2']"
CHI,knn,0.9499298081422555,0.8767890843071644,0.8621004109399987,0.8689810705290583,0.9072945946808285,0.8621004109399987,0.16784000396728516,"['meanX', 'maxX', 'meanX2', 'sdX2', 'sdZ2', 'sdMagnitude2']"
CHI,svm,0.9499298081422555,0.8502050228681121,0.8075849589770051,0.8126943609488618,0.9071882548346071,0.8075849589770051,0.6579005718231201,"['meanX', 'maxX', 'meanX2', 'sdX2', 'sdZ2', 'sdMagnitude2']"
CHI,knn,0.9499298081422555,0.8767890843071644,0.8621004109399987,0.8689810705290583,0.9072945946808285,0.8621004109399987,0.16698670387268066,"['meanX', 'maxX', 'meanX2', 'sdX2', 'sdZ2', 'sdMagnitude2']"
CHI,svm,0.9499298081422555,0.8502050228681121,0.8075849589770051,0.8126943609488618,0.9071882548346071,0.8075849589770051,0.6592106819152832,"['meanX', 'maxX', 'meanX2', 'sdX2', 'sdZ2', 'sdMagnitude2']"
CHI,knn,0.9499298081422555,0.8767890843071644,0.8621004109399987,0.8689810705290583,0.9072945946808285,0.8621004109399987,0.17349791526794434,"['meanX', 'maxX', 'meanX2', 'sdX2', 'sdZ2', 'sdMagnitude2']"
CHI,svm,0.9499298081422555,0.8502050228681121,0.8075849589770051,0.8126943609488618,0.9071882548346071,0.8075849589770051,0.674431562423706,"['meanX', 'maxX', 'meanX2', 'sdX2', 'sdZ2', 'sdMagnitude2']"
ANOVA,knn,0.9513336452971455,0.8839039323135142,0.8439865484184533,0.8582328732378643,0.9095785565638915,0.8439865484184533,0.17846441268920898,"['meanX', 'meanX2', 'meanZ2', 'maxX2', 'maxZ2', 'minX2']"
ANOVA,svm,0.9480580252690688,0.7681824520946577,0.786642813627177,0.7771336053868743,0.9040074792115378,0.786642813627177,0.8118100166320801,"['meanX', 'meanX2', 'meanZ2', 'maxX2', 'maxZ2', 'minX2']"
ANOVA,knn,0.9513336452971455,0.8839039323135142,0.8439865484184533,0.8582328732378643,0.9095785565638915,0.8439865484184533,0.19958925247192383,"['meanX', 'meanX2', 'meanZ2', 'maxX2', 'maxZ2', 'minX2']"
ANOVA,svm,0.9480580252690688,0.7681824520946577,0.786642813627177,0.7771336053868743,0.9040074792115378,0.786642813627177,0.9181356430053711,"['meanX', 'meanX2', 'meanZ2', 'maxX2', 'maxZ2', 'minX2']"
ANOVA,knn,0.9513336452971455,0.8839039323135142,0.8439865484184533,0.8582328732378643,0.9095785565638915,0.8439865484184533,0.19953322410583496,"['meanX', 'meanX2', 'meanZ2', 'maxX2', 'maxZ2', 'minX2']"
ANOVA,svm,0.9480580252690688,0.7681824520946577,0.786642813627177,0.7771336053868743,0.9040074792115378,0.786642813627177,0.9160068035125732,"['meanX', 'meanX2', 'meanZ2', 'maxX2', 'maxZ2', 'minX2']"
ANOVA,knn,0.9513336452971455,0.8839039323135142,0.8439865484184533,0.8582328732378643,0.9095785565638915,0.8439865484184533,0.4962432384490967,"['meanX', 'meanX2', 'meanZ2', 'maxX2', 'maxZ2', 'minX2']"
ANOVA,svm,0.9480580252690688,0.7681824520946577,0.786642813627177,0.7771336053868743,0.9040074792115378,0.786642813627177,1.2554411888122559,"['meanX', 'meanX2', 'meanZ2', 'maxX2', 'maxZ2', 'minX2']"
ANOVA,knn,0.9513336452971455,0.8839039323135142,0.8439865484184533,0.8582328732378643,0.9095785565638915,0.8439865484184533,0.45096540451049805,"['meanX', 'meanX2', 'meanZ2', 'maxX2', 'maxZ2', 'minX2']"
ANOVA,svm,0.9480580252690688,0.7681824520946577,0.786642813627177,0.7771336053868743,0.9040074792115378,0.786642813627177,1.4573299884796143,"['meanX', 'meanX2', 'meanZ2', 'maxX2', 'maxZ2', 'minX2']"
ANOVA,knn,0.9513336452971455,0.8839039323135142,0.8439865484184533,0.8582328732378643,0.9095785565638915,0.8439865484184533,0.46572041511535645,"['meanX', 'meanX2', 'meanZ2', 'maxX2', 'maxZ2', 'minX2']"
ANOVA,svm,0.9480580252690688,0.7681824520946577,0.786642813627177,0.7771336053868743,0.9040074792115378,0.786642813627177,1.308044195175171,"['meanX', 'meanX2', 'meanZ2', 'maxX2', 'maxZ2', 'minX2']"
ANOVA,knn,0.9513336452971455,0.8839039323135142,0.8439865484184533,0.8582328732378643,0.9095785565638915,0.8439865484184533,0.815852165222168,"['meanX', 'meanX2', 'meanZ2', 'maxX2', 'maxZ2', 'minX2']"
ANOVA,svm,0.9480580252690688,0.7681824520946577,0.786642813627177,0.7771336053868743,0.9040074792115378,0.786642813627177,1.6565983295440674,"['meanX', 'meanX2', 'meanZ2', 'maxX2', 'maxZ2', 'minX2']"
ANOVA,knn,0.9513336452971455,0.8839039323135142,0.8439865484184533,0.8582328732378643,0.9095785565638915,0.8439865484184533,0.2263638973236084,"['meanX', 'meanX2', 'meanZ2', 'maxX2', 'maxZ2', 'minX2']"
ANOVA,svm,0.9480580252690688,0.7681824520946577,0.786642813627177,0.7771336053868743,0.9040074792115378,0.786642813627177,1.2059836387634277,"['meanX', 'meanX2', 'meanZ2', 'maxX2', 'maxZ2', 'minX2']"
ANOVA,knn,0.9513336452971455,0.8839039323135142,0.8439865484184533,0.8582328732378643,0.9095785565638915,0.8439865484184533,0.3677489757537842,"['meanX', 'meanX2', 'meanZ2', 'maxX2', 'maxZ2', 'minX2']"
ANOVA,svm,0.9480580252690688,0.7681824520946577,0.786642813627177,0.7771336053868743,0.9040074792115378,0.786642813627177,0.9497859477996826,"['meanX', 'meanX2', 'meanZ2', 'maxX2', 'maxZ2', 'minX2']"
ANOVA,knn,0.9513336452971455,0.8839039323135142,0.8439865484184533,0.8582328732378643,0.9095785565638915,0.8439865484184533,0.8463442325592041,"['meanX', 'meanX2', 'meanZ2', 'maxX2', 'maxZ2', 'minX2']"
ANOVA,svm,0.9480580252690688,0.7681824520946577,0.786642813627177,0.7771336053868743,0.9040074792115378,0.786642813627177,1.541146993637085,"['meanX', 'meanX2', 'meanZ2', 'maxX2', 'maxZ2', 'minX2']"
ANOVA,knn,0.9513336452971455,0.8839039323135142,0.8439865484184533,0.8582328732378643,0.9095785565638915,0.8439865484184533,0.5712869167327881,"['meanX', 'meanX2', 'meanZ2', 'maxX2', 'maxZ2', 'minX2']"
ANOVA,svm,0.9480580252690688,0.7681824520946577,0.786642813627177,0.7771336053868743,0.9040074792115378,0.786642813627177,2.2685792446136475,"['meanX', 'meanX2', 'meanZ2', 'maxX2', 'maxZ2', 'minX2']"
ANOVA,knn,0.9513336452971455,0.8839039323135142,0.8439865484184533,0.8582328732378643,0.9095785565638915,0.8439865484184533,0.7494468688964844,"['meanX', 'meanX2', 'meanZ2', 'maxX2', 'maxZ2', 'minX2']"
ANOVA,svm,0.9480580252690688,0.7681824520946577,0.786642813627177,0.7771336053868743,0.9040074792115378,0.786642813627177,2.055867910385132,"['meanX', 'meanX2', 'meanZ2', 'maxX2', 'maxZ2', 'minX2']"
ANOVA,knn,0.9513336452971455,0.8839039323135142,0.8439865484184533,0.8582328732378643,0.9095785565638915,0.8439865484184533,0.7048442363739014,"['meanX', 'meanX2', 'meanZ2', 'maxX2', 'maxZ2', 'minX2']"
ANOVA,svm,0.9480580252690688,0.7681824520946577,0.786642813627177,0.7771336053868743,0.9040074792115378,0.786642813627177,1.3913772106170654,"['meanX', 'meanX2', 'meanZ2', 'maxX2', 'maxZ2', 'minX2']"
ANOVA,knn,0.9513336452971455,0.8839039323135142,0.8439865484184533,0.8582328732378643,0.9095785565638915,0.8439865484184533,0.4481630325317383,"['meanX', 'meanX2', 'meanZ2', 'maxX2', 'maxZ2', 'minX2']"
ANOVA,svm,0.9480580252690688,0.7681824520946577,0.786642813627177,0.7771336053868743,0.9040074792115378,0.786642813627177,1.5363452434539795,"['meanX', 'meanX2', 'meanZ2', 'maxX2', 'maxZ2', 'minX2']"
ANOVA,knn,0.9513336452971455,0.8839039323135142,0.8439865484184533,0.8582328732378643,0.9095785565638915,0.8439865484184533,0.5677158832550049,"['meanX', 'meanX2', 'meanZ2', 'maxX2', 'maxZ2', 'minX2']"
ANOVA,svm,0.9480580252690688,0.7681824520946577,0.786642813627177,0.7771336053868743,0.9040074792115378,0.786642813627177,1.212759256362915,"['meanX', 'meanX2', 'meanZ2', 'maxX2', 'maxZ2', 'minX2']"
ANOVA,knn,0.9513336452971455,0.8839039323135142,0.8439865484184533,0.8582328732378643,0.9095785565638915,0.8439865484184533,0.5884952545166016,"['meanX', 'meanX2', 'meanZ2', 'maxX2', 'maxZ2', 'minX2']"
ANOVA,svm,0.9480580252690688,0.7681824520946577,0.786642813627177,0.7771336053868743,0.9040074792115378,0.786642813627177,1.1732280254364014,"['meanX', 'meanX2', 'meanZ2', 'maxX2', 'maxZ2', 'minX2']"
ANOVA,knn,0.9513336452971455,0.8839039323135142,0.8439865484184533,0.8582328732378643,0.9095785565638915,0.8439865484184533,0.35782504081726074,"['meanX', 'meanX2', 'meanZ2', 'maxX2', 'maxZ2', 'minX2']"
ANOVA,svm,0.9480580252690688,0.7681824520946577,0.786642813627177,0.7771336053868743,0.9040074792115378,0.786642813627177,1.1130743026733398,"['meanX', 'meanX2', 'meanZ2', 'maxX2', 'maxZ2', 'minX2']"
ANOVA,knn,0.9513336452971455,0.8839039323135142,0.8439865484184533,0.8582328732378643,0.9095785565638915,0.8439865484184533,0.4044985771179199,"['meanX', 'meanX2', 'meanZ2', 'maxX2', 'maxZ2', 'minX2']"
ANOVA,svm,0.9480580252690688,0.7681824520946577,0.786642813627177,0.7771336053868743,0.9040074792115378,0.786642813627177,1.0235965251922607,"['meanX', 'meanX2', 'meanZ2', 'maxX2', 'maxZ2', 'minX2']"
ANOVA,knn,0.9513336452971455,0.8839039323135142,0.8439865484184533,0.8582328732378643,0.9095785565638915,0.8439865484184533,0.5081305503845215,"['meanX', 'meanX2', 'meanZ2', 'maxX2', 'maxZ2', 'minX2']"
ANOVA,svm,0.9480580252690688,0.7681824520946577,0.786642813627177,0.7771336053868743,0.9040074792115378,0.786642813627177,1.0637898445129395,"['meanX', 'meanX2', 'meanZ2', 'maxX2', 'maxZ2', 'minX2']"
ANOVA,knn,0.9513336452971455,0.8839039323135142,0.8439865484184533,0.8582328732378643,0.9095785565638915,0.8439865484184533,0.3378632068634033,"['meanX', 'meanX2', 'meanZ2', 'maxX2', 'maxZ2', 'minX2']"
ANOVA,svm,0.9480580252690688,0.7681824520946577,0.786642813627177,0.7771336053868743,0.9040074792115378,0.786642813627177,0.9629549980163574,"['meanX', 'meanX2', 'meanZ2', 'maxX2', 'maxZ2', 'minX2']"
ANOVA,knn,0.9513336452971455,0.8839039323135142,0.8439865484184533,0.8582328732378643,0.9095785565638915,0.8439865484184533,0.27793264389038086,"['meanX', 'meanX2', 'meanZ2', 'maxX2', 'maxZ2', 'minX2']"
ANOVA,svm,0.9480580252690688,0.7681824520946577,0.786642813627177,0.7771336053868743,0.9040074792115378,0.786642813627177,1.1626229286193848,"['meanX', 'meanX2', 'meanZ2', 'maxX2', 'maxZ2', 'minX2']"
ANOVA,knn,0.9513336452971455,0.8839039323135142,0.8439865484184533,0.8582328732378643,0.9095785565638915,0.8439865484184533,0.27156925201416016,"['meanX', 'meanX2', 'meanZ2', 'maxX2', 'maxZ2', 'minX2']"
ANOVA,svm,0.9480580252690688,0.7681824520946577,0.786642813627177,0.7771336053868743,0.9040074792115378,0.786642813627177,0.9001786708831787,"['meanX', 'meanX2', 'meanZ2', 'maxX2', 'maxZ2', 'minX2']"
ANOVA,knn,0.9513336452971455,0.8839039323135142,0.8439865484184533,0.8582328732378643,0.9095785565638915,0.8439865484184533,0.21653294563293457,"['meanX', 'meanX2', 'meanZ2', 'maxX2', 'maxZ2', 'minX2']"
ANOVA,svm,0.9480580252690688,0.7681824520946577,0.786642813627177,0.7771336053868743,0.9040074792115378,0.786642813627177,0.941591739654541,"['meanX', 'meanX2', 'meanZ2', 'maxX2', 'maxZ2', 'minX2']"
ANOVA,knn,0.9513336452971455,0.8839039323135142,0.8439865484184533,0.8582328732378643,0.9095785565638915,0.8439865484184533,0.21595549583435059,"['meanX', 'meanX2', 'meanZ2', 'maxX2', 'maxZ2', 'minX2']"
ANOVA,svm,0.9480580252690688,0.7681824520946577,0.786642813627177,0.7771336053868743,0.9040074792115378,0.786642813627177,1.1631741523742676,"['meanX', 'meanX2', 'meanZ2', 'maxX2', 'maxZ2', 'minX2']"
ANOVA,knn,0.9513336452971455,0.8839039323135142,0.8439865484184533,0.8582328732378643,0.9095785565638915,0.8439865484184533,0.33911991119384766,"['meanX', 'meanX2', 'meanZ2', 'maxX2', 'maxZ2', 'minX2']"
ANOVA,svm,0.9480580252690688,0.7681824520946577,0.786642813627177,0.7771336053868743,0.9040074792115378,0.786642813627177,0.8971402645111084,"['meanX', 'meanX2', 'meanZ2', 'maxX2', 'maxZ2', 'minX2']"
ANOVA,knn,0.9513336452971455,0.8839039323135142,0.8439865484184533,0.8582328732378643,0.9095785565638915,0.8439865484184533,0.21857380867004395,"['meanX', 'meanX2', 'meanZ2', 'maxX2', 'maxZ2', 'minX2']"
ANOVA,svm,0.9480580252690688,0.7681824520946577,0.786642813627177,0.7771336053868743,0.9040074792115378,0.786642813627177,0.9076805114746094,"['meanX', 'meanX2', 'meanZ2', 'maxX2', 'maxZ2', 'minX2']"
ANOVA,knn,0.9513336452971455,0.8839039323135142,0.8439865484184533,0.8582328732378643,0.9095785565638915,0.8439865484184533,0.24293756484985352,"['meanX', 'meanX2', 'meanZ2', 'maxX2', 'maxZ2', 'minX2']"
ANOVA,svm,0.9480580252690688,0.7681824520946577,0.786642813627177,0.7771336053868743,0.9040074792115378,0.786642813627177,0.9258854389190674,"['meanX', 'meanX2', 'meanZ2', 'maxX2', 'maxZ2', 'minX2']"
ANOVA,knn,0.9513336452971455,0.8839039323135142,0.8439865484184533,0.8582328732378643,0.9095785565638915,0.8439865484184533,0.3035252094268799,"['meanX', 'meanX2', 'meanZ2', 'maxX2', 'maxZ2', 'minX2']"
ANOVA,svm,0.9480580252690688,0.7681824520946577,0.786642813627177,0.7771336053868743,0.9040074792115378,0.786642813627177,1.0594747066497803,"['meanX', 'meanX2', 'meanZ2', 'maxX2', 'maxZ2', 'minX2']"
ANOVA,knn,0.9513336452971455,0.8839039323135142,0.8439865484184533,0.8582328732378643,0.9095785565638915,0.8439865484184533,0.3363380432128906,"['meanX', 'meanX2', 'meanZ2', 'maxX2', 'maxZ2', 'minX2']"
ANOVA,svm,0.9480580252690688,0.7681824520946577,0.786642813627177,0.7771336053868743,0.9040074792115378,0.786642813627177,1.1070013046264648,"['meanX', 'meanX2', 'meanZ2', 'maxX2', 'maxZ2', 'minX2']"
ANOVA,knn,0.9513336452971455,0.8839039323135142,0.8439865484184533,0.8582328732378643,0.9095785565638915,0.8439865484184533,0.4207017421722412,"['meanX', 'meanX2', 'meanZ2', 'maxX2', 'maxZ2', 'minX2']"
ANOVA,svm,0.9480580252690688,0.7681824520946577,0.786642813627177,0.7771336053868743,0.9040074792115378,0.786642813627177,1.0632524490356445,"['meanX', 'meanX2', 'meanZ2', 'maxX2', 'maxZ2', 'minX2']"
MI,knn,0.9606925596630791,0.9070608397654795,0.8911244071972574,0.8986324540560237,0.9273631747339117,0.8911244071972574,0.2502415180206299,"['minX', 'sdMagnitude', 'sdZ2', 'maxX2', 'minX2', 'minZ2']"
MI,svm,0.9522695367337389,0.8961873318992055,0.8120512048391955,0.8234453776261145,0.9115895279249964,0.8120512048391955,0.954261064529419,"['minX', 'sdMagnitude', 'sdZ2', 'maxX2', 'minX2', 'minZ2']"
MI,knn,0.9606925596630791,0.9070608397654795,0.8911244071972574,0.8986324540560237,0.9273631747339117,0.8911244071972574,0.21442580223083496,"['minX', 'sdMagnitude', 'sdZ2', 'maxX2', 'minX2', 'minZ2']"
MI,svm,0.9522695367337389,0.8961873318992055,0.8120512048391955,0.8234453776261145,0.9115895279249964,0.8120512048391955,0.7339725494384766,"['minX', 'sdMagnitude', 'sdZ2', 'maxX2', 'minX2', 'minZ2']"
MI,knn,0.9606925596630791,0.9070608397654795,0.8911244071972574,0.8986324540560237,0.9273631747339117,0.8911244071972574,0.1992340087890625,"['minX', 'sdMagnitude', 'sdZ2', 'maxX2', 'minX2', 'minZ2']"
MI,svm,0.9522695367337389,0.8961873318992055,0.8120512048391955,0.8234453776261145,0.9115895279249964,0.8120512048391955,0.843491792678833,"['minX', 'sdMagnitude', 'sdZ2', 'maxX2', 'minX2', 'minZ2']"
MI,knn,0.9606925596630791,0.9070608397654795,0.8911244071972574,0.8986324540560237,0.9273631747339117,0.8911244071972574,0.19416284561157227,"['minX', 'sdMagnitude', 'sdZ2', 'maxX2', 'minX2', 'minZ2']"
MI,svm,0.9522695367337389,0.8961873318992055,0.8120512048391955,0.8234453776261145,0.9115895279249964,0.8120512048391955,1.0000522136688232,"['minX', 'sdMagnitude', 'sdZ2', 'maxX2', 'minX2', 'minZ2']"
MI,knn,0.9606925596630791,0.9070608397654795,0.8911244071972574,0.8986324540560237,0.9273631747339117,0.8911244071972574,0.2340850830078125,"['minX', 'sdMagnitude', 'sdZ2', 'maxX2', 'minX2', 'minZ2']"
MI,svm,0.9522695367337389,0.8961873318992055,0.8120512048391955,0.8234453776261145,0.9115895279249964,0.8120512048391955,0.953333854675293,"['minX', 'sdMagnitude', 'sdZ2', 'maxX2', 'minX2', 'minZ2']"
MI,knn,0.9606925596630791,0.9070608397654795,0.8911244071972574,0.8986324540560237,0.9273631747339117,0.8911244071972574,0.21851539611816406,"['minX', 'sdMagnitude', 'sdZ2', 'maxX2', 'minX2', 'minZ2']"
MI,svm,0.9522695367337389,0.8961873318992055,0.8120512048391955,0.8234453776261145,0.9115895279249964,0.8120512048391955,0.77945876121521,"['minX', 'sdMagnitude', 'sdZ2', 'maxX2', 'minX2', 'minZ2']"
MI,knn,0.9606925596630791,0.9070608397654795,0.8911244071972574,0.8986324540560237,0.9273631747339117,0.8911244071972574,0.22032713890075684,"['minX', 'sdMagnitude', 'sdZ2', 'maxX2', 'minX2', 'minZ2']"
MI,svm,0.9522695367337389,0.8961873318992055,0.8120512048391955,0.8234453776261145,0.9115895279249964,0.8120512048391955,0.8041043281555176,"['minX', 'sdMagnitude', 'sdZ2', 'maxX2', 'minX2', 'minZ2']"
MI,knn,0.9606925596630791,0.9070608397654795,0.8911244071972574,0.8986324540560237,0.9273631747339117,0.8911244071972574,0.20379877090454102,"['minX', 'sdMagnitude', 'sdZ2', 'maxX2', 'minX2', 'minZ2']"
MI,svm,0.9522695367337389,0.8961873318992055,0.8120512048391955,0.8234453776261145,0.9115895279249964,0.8120512048391955,0.7438933849334717,"['minX', 'sdMagnitude', 'sdZ2', 'maxX2', 'minX2', 'minZ2']"
MI,knn,0.9606925596630791,0.9070608397654795,0.8911244071972574,0.8986324540560237,0.9273631747339117,0.8911244071972574,0.1647930145263672,"['minX', 'sdMagnitude', 'sdZ2', 'maxX2', 'minX2', 'minZ2']"
MI,svm,0.9522695367337389,0.8961873318992055,0.8120512048391955,0.8234453776261145,0.9115895279249964,0.8120512048391955,0.6627566814422607,"['minX', 'sdMagnitude', 'sdZ2', 'maxX2', 'minX2', 'minZ2']"
MI,knn,0.9606925596630791,0.9070608397654795,0.8911244071972574,0.8986324540560237,0.9273631747339117,0.8911244071972574,0.19248270988464355,"['minX', 'sdMagnitude', 'sdZ2', 'maxX2', 'minX2', 'minZ2']"
MI,svm,0.9522695367337389,0.8961873318992055,0.8120512048391955,0.8234453776261145,0.9115895279249964,0.8120512048391955,0.7714293003082275,"['minX', 'sdMagnitude', 'sdZ2', 'maxX2', 'minX2', 'minZ2']"
MI,knn,0.9606925596630791,0.9070608397654795,0.8911244071972574,0.8986324540560237,0.9273631747339117,0.8911244071972574,0.19957613945007324,"['minX', 'sdMagnitude', 'sdZ2', 'maxX2', 'minX2', 'minZ2']"
MI,svm,0.9522695367337389,0.8961873318992055,0.8120512048391955,0.8234453776261145,0.9115895279249964,0.8120512048391955,0.7654449939727783,"['minX', 'sdMagnitude', 'sdZ2', 'maxX2', 'minX2', 'minZ2']"
MI,knn,0.9606925596630791,0.9070608397654795,0.8911244071972574,0.8986324540560237,0.9273631747339117,0.8911244071972574,0.20057392120361328,"['minX', 'sdMagnitude', 'sdZ2', 'maxX2', 'minX2', 'minZ2']"
MI,svm,0.9522695367337389,0.8961873318992055,0.8120512048391955,0.8234453776261145,0.9115895279249964,0.8120512048391955,0.7484195232391357,"['minX', 'sdMagnitude', 'sdZ2', 'maxX2', 'minX2', 'minZ2']"
MI,knn,0.9606925596630791,0.9070608397654795,0.8911244071972574,0.8986324540560237,0.9273631747339117,0.8911244071972574,0.20020484924316406,"['minX', 'sdMagnitude', 'sdZ2', 'maxX2', 'minX2', 'minZ2']"
MI,svm,0.9522695367337389,0.8961873318992055,0.8120512048391955,0.8234453776261145,0.9115895279249964,0.8120512048391955,1.3151190280914307,"['minX', 'sdMagnitude', 'sdZ2', 'maxX2', 'minX2', 'minZ2']"
MI,knn,0.9606925596630791,0.9070608397654795,0.8911244071972574,0.8986324540560237,0.9273631747339117,0.8911244071972574,0.19903969764709473,"['minX', 'sdMagnitude', 'sdZ2', 'maxX2', 'minX2', 'minZ2']"
MI,svm,0.9522695367337389,0.8961873318992055,0.8120512048391955,0.8234453776261145,0.9115895279249964,0.8120512048391955,0.8486905097961426,"['minX', 'sdMagnitude', 'sdZ2', 'maxX2', 'minX2', 'minZ2']"
MI,knn,0.9606925596630791,0.9070608397654795,0.8911244071972574,0.8986324540560237,0.9273631747339117,0.8911244071972574,0.18305134773254395,"['minX', 'sdMagnitude', 'sdZ2', 'maxX2', 'minX2', 'minZ2']"
MI,svm,0.9522695367337389,0.8961873318992055,0.8120512048391955,0.8234453776261145,0.9115895279249964,0.8120512048391955,0.795081615447998,"['minX', 'sdMagnitude', 'sdZ2', 'maxX2', 'minX2', 'minZ2']"
MI,knn,0.9606925596630791,0.9070608397654795,0.8911244071972574,0.8986324540560237,0.9273631747339117,0.8911244071972574,0.23324871063232422,"['minX', 'sdMagnitude', 'sdZ2', 'maxX2', 'minX2', 'minZ2']"
MI,svm,0.9522695367337389,0.8961873318992055,0.8120512048391955,0.8234453776261145,0.9115895279249964,0.8120512048391955,0.7660326957702637,"['minX', 'sdMagnitude', 'sdZ2', 'maxX2', 'minX2', 'minZ2']"
MI,knn,0.9606925596630791,0.9070608397654795,0.8911244071972574,0.8986324540560237,0.9273631747339117,0.8911244071972574,0.16788411140441895,"['minX', 'sdMagnitude', 'sdZ2', 'maxX2', 'minX2', 'minZ2']"
MI,svm,0.9522695367337389,0.8961873318992055,0.8120512048391955,0.8234453776261145,0.9115895279249964,0.8120512048391955,0.657623291015625,"['minX', 'sdMagnitude', 'sdZ2', 'maxX2', 'minX2', 'minZ2']"
MI,knn,0.9606925596630791,0.9070608397654795,0.8911244071972574,0.8986324540560237,0.9273631747339117,0.8911244071972574,0.1713547706604004,"['minX', 'sdMagnitude', 'sdZ2', 'maxX2', 'minX2', 'minZ2']"
MI,svm,0.9522695367337389,0.8961873318992055,0.8120512048391955,0.8234453776261145,0.9115895279249964,0.8120512048391955,0.65169358253479,"['minX', 'sdMagnitude', 'sdZ2', 'maxX2', 'minX2', 'minZ2']"
MI,knn,0.9606925596630791,0.9070608397654795,0.8911244071972574,0.8986324540560237,0.9273631747339117,0.8911244071972574,0.2699294090270996,"['minX', 'sdMagnitude', 'sdZ2', 'maxX2', 'minX2', 'minZ2']"
MI,svm,0.9522695367337389,0.8961873318992055,0.8120512048391955,0.8234453776261145,0.9115895279249964,0.8120512048391955,0.9186787605285645,"['minX', 'sdMagnitude', 'sdZ2', 'maxX2', 'minX2', 'minZ2']"
MI,knn,0.9606925596630791,0.9070608397654795,0.8911244071972574,0.8986324540560237,0.9273631747339117,0.8911244071972574,0.21874046325683594,"['minX', 'sdMagnitude', 'sdZ2', 'maxX2', 'minX2', 'minZ2']"
MI,svm,0.9522695367337389,0.8961873318992055,0.8120512048391955,0.8234453776261145,0.9115895279249964,0.8120512048391955,0.9515976905822754,"['minX', 'sdMagnitude', 'sdZ2', 'maxX2', 'minX2', 'minZ2']"
MI,knn,0.9606925596630791,0.9070608397654795,0.8911244071972574,0.8986324540560237,0.9273631747339117,0.8911244071972574,0.21765589714050293,"['minX', 'sdMagnitude', 'sdZ2', 'maxX2', 'minX2', 'minZ2']"
MI,svm,0.9522695367337389,0.8961873318992055,0.8120512048391955,0.8234453776261145,0.9115895279249964,0.8120512048391955,0.8033092021942139,"['minX', 'sdMagnitude', 'sdZ2', 'maxX2', 'minX2', 'minZ2']"
MI,knn,0.9606925596630791,0.9070608397654795,0.8911244071972574,0.8986324540560237,0.9273631747339117,0.8911244071972574,0.21916985511779785,"['minX', 'sdMagnitude', 'sdZ2', 'maxX2', 'minX2', 'minZ2']"
MI,svm,0.9522695367337389,0.8961873318992055,0.8120512048391955,0.8234453776261145,0.9115895279249964,0.8120512048391955,0.7901835441589355,"['minX', 'sdMagnitude', 'sdZ2', 'maxX2', 'minX2', 'minZ2']"
MI,knn,0.9606925596630791,0.9070608397654795,0.8911244071972574,0.8986324540560237,0.9273631747339117,0.8911244071972574,0.21599197387695312,"['minX', 'sdMagnitude', 'sdZ2', 'maxX2', 'minX2', 'minZ2']"
MI,svm,0.9522695367337389,0.8961873318992055,0.8120512048391955,0.8234453776261145,0.9115895279249964,0.8120512048391955,0.7996823787689209,"['minX', 'sdMagnitude', 'sdZ2', 'maxX2', 'minX2', 'minZ2']"
MI,knn,0.9606925596630791,0.9070608397654795,0.8911244071972574,0.8986324540560237,0.9273631747339117,0.8911244071972574,0.19260382652282715,"['minX', 'sdMagnitude', 'sdZ2', 'maxX2', 'minX2', 'minZ2']"
MI,svm,0.9522695367337389,0.8961873318992055,0.8120512048391955,0.8234453776261145,0.9115895279249964,0.8120512048391955,0.6824240684509277,"['minX', 'sdMagnitude', 'sdZ2', 'maxX2', 'minX2', 'minZ2']"
MI,knn,0.9606925596630791,0.9070608397654795,0.8911244071972574,0.8986324540560237,0.9273631747339117,0.8911244071972574,0.15822076797485352,"['minX', 'sdMagnitude', 'sdZ2', 'maxX2', 'minX2', 'minZ2']"
MI,svm,0.9522695367337389,0.8961873318992055,0.8120512048391955,0.8234453776261145,0.9115895279249964,0.8120512048391955,0.6577775478363037,"['minX', 'sdMagnitude', 'sdZ2', 'maxX2', 'minX2', 'minZ2']"
MI,knn,0.9606925596630791,0.9070608397654795,0.8911244071972574,0.8986324540560237,0.9273631747339117,0.8911244071972574,0.20112967491149902,"['minX', 'sdMagnitude', 'sdZ2', 'maxX2', 'minX2', 'minZ2']"
MI,svm,0.9522695367337389,0.8961873318992055,0.8120512048391955,0.8234453776261145,0.9115895279249964,0.8120512048391955,0.7621612548828125,"['minX', 'sdMagnitude', 'sdZ2', 'maxX2', 'minX2', 'minZ2']"
MI,knn,0.9606925596630791,0.9070608397654795,0.8911244071972574,0.8986324540560237,0.9273631747339117,0.8911244071972574,0.2004106044769287,"['minX', 'sdMagnitude', 'sdZ2', 'maxX2', 'minX2', 'minZ2']"
MI,svm,0.9522695367337389,0.8961873318992055,0.8120512048391955,0.8234453776261145,0.9115895279249964,0.8120512048391955,0.780437707901001,"['minX', 'sdMagnitude', 'sdZ2', 'maxX2', 'minX2', 'minZ2']"
MI,knn,0.9606925596630791,0.9070608397654795,0.8911244071972574,0.8986324540560237,0.9273631747339117,0.8911244071972574,0.1979079246520996,"['minX', 'sdMagnitude', 'sdZ2', 'maxX2', 'minX2', 'minZ2']"
MI,svm,0.9522695367337389,0.8961873318992055,0.8120512048391955,0.8234453776261145,0.9115895279249964,0.8120512048391955,0.7673540115356445,"['minX', 'sdMagnitude', 'sdZ2', 'maxX2', 'minX2', 'minZ2']"
MI,knn,0.9606925596630791,0.9070608397654795,0.8911244071972574,0.8986324540560237,0.9273631747339117,0.8911244071972574,0.4362983703613281,"['minX', 'sdMagnitude', 'sdZ2', 'maxX2', 'minX2', 'minZ2']"
MI,svm,0.9522695367337389,0.8961873318992055,0.8120512048391955,0.8234453776261145,0.9115895279249964,0.8120512048391955,0.8645961284637451,"['minX', 'sdMagnitude', 'sdZ2', 'maxX2', 'minX2', 'minZ2']"
MI,knn,0.9606925596630791,0.9070608397654795,0.8911244071972574,0.8986324540560237,0.9273631747339117,0.8911244071972574,0.1996595859527588,"['minX', 'sdMagnitude', 'sdZ2', 'maxX2', 'minX2', 'minZ2']"
MI,svm,0.9522695367337389,0.8961873318992055,0.8120512048391955,0.8234453776261145,0.9115895279249964,0.8120512048391955,0.7818410396575928,"['minX', 'sdMagnitude', 'sdZ2', 'maxX2', 'minX2', 'minZ2']"
KENDALL,knn,0.941974730931212,0.852789976619891,0.832370352190253,0.8408032663684544,0.8923245300389314,0.832370352190253,0.22264885902404785,"['minX', 'minY', 'minZ', 'meanX2', 'minX2', 'minY2']"
KENDALL,svm,0.9438465138043987,0.7657542487182185,0.7831385001693052,0.774126035801836,0.8960688329485713,0.7831385001693052,1.0153098106384277,"['minX', 'minY', 'minZ', 'meanX2', 'minX2', 'minY2']"
KENDALL,knn,0.941974730931212,0.852789976619891,0.832370352190253,0.8408032663684544,0.8923245300389314,0.832370352190253,0.3210136890411377,"['minX', 'minY', 'minZ', 'meanX2', 'minX2', 'minY2']"
KENDALL,svm,0.9438465138043987,0.7657542487182185,0.7831385001693052,0.774126035801836,0.8960688329485713,0.7831385001693052,1.0627477169036865,"['minX', 'minY', 'minZ', 'meanX2', 'minX2', 'minY2']"
KENDALL,knn,0.941974730931212,0.852789976619891,0.832370352190253,0.8408032663684544,0.8923245300389314,0.832370352190253,0.3282592296600342,"['minX', 'minY', 'minZ', 'meanX2', 'minX2', 'minY2']"
KENDALL,svm,0.9438465138043987,0.7657542487182185,0.7831385001693052,0.774126035801836,0.8960688329485713,0.7831385001693052,1.0599186420440674,"['minX', 'minY', 'minZ', 'meanX2', 'minX2', 'minY2']"
KENDALL,knn,0.941974730931212,0.852789976619891,0.832370352190253,0.8408032663684544,0.8923245300389314,0.832370352190253,0.3052957057952881,"['minX', 'minY', 'minZ', 'meanX2', 'minX2', 'minY2']"
KENDALL,svm,0.9438465138043987,0.7657542487182185,0.7831385001693052,0.774126035801836,0.8960688329485713,0.7831385001693052,1.0324010848999023,"['minX', 'minY', 'minZ', 'meanX2', 'minX2', 'minY2']"
KENDALL,knn,0.941974730931212,0.852789976619891,0.832370352190253,0.8408032663684544,0.8923245300389314,0.832370352190253,0.3215632438659668,"['minX', 'minY', 'minZ', 'meanX2', 'minX2', 'minY2']"
KENDALL,svm,0.9438465138043987,0.7657542487182185,0.7831385001693052,0.774126035801836,0.8960688329485713,0.7831385001693052,1.0291402339935303,"['minX', 'minY', 'minZ', 'meanX2', 'minX2', 'minY2']"
KENDALL,knn,0.941974730931212,0.852789976619891,0.832370352190253,0.8408032663684544,0.8923245300389314,0.832370352190253,0.3291618824005127,"['minX', 'minY', 'minZ', 'meanX2', 'minX2', 'minY2']"
KENDALL,svm,0.9438465138043987,0.7657542487182185,0.7831385001693052,0.774126035801836,0.8960688329485713,0.7831385001693052,0.934359073638916,"['minX', 'minY', 'minZ', 'meanX2', 'minX2', 'minY2']"
KENDALL,knn,0.941974730931212,0.852789976619891,0.832370352190253,0.8408032663684544,0.8923245300389314,0.832370352190253,0.21525359153747559,"['minX', 'minY', 'minZ', 'meanX2', 'minX2', 'minY2']"
KENDALL,svm,0.9438465138043987,0.7657542487182185,0.7831385001693052,0.774126035801836,0.8960688329485713,0.7831385001693052,0.9326815605163574,"['minX', 'minY', 'minZ', 'meanX2', 'minX2', 'minY2']"
KENDALL,knn,0.941974730931212,0.852789976619891,0.832370352190253,0.8408032663684544,0.8923245300389314,0.832370352190253,0.2508423328399658,"['minX', 'minY', 'minZ', 'meanX2', 'minX2', 'minY2']"
KENDALL,svm,0.9438465138043987,0.7657542487182185,0.7831385001693052,0.774126035801836,0.8960688329485713,0.7831385001693052,0.9346780776977539,"['minX', 'minY', 'minZ', 'meanX2', 'minX2', 'minY2']"
KENDALL,knn,0.941974730931212,0.852789976619891,0.832370352190253,0.8408032663684544,0.8923245300389314,0.832370352190253,0.24916696548461914,"['minX', 'minY', 'minZ', 'meanX2', 'minX2', 'minY2']"
KENDALL,svm,0.9438465138043987,0.7657542487182185,0.7831385001693052,0.774126035801836,0.8960688329485713,0.7831385001693052,0.9073488712310791,"['minX', 'minY', 'minZ', 'meanX2', 'minX2', 'minY2']"
KENDALL,knn,0.941974730931212,0.852789976619891,0.832370352190253,0.8408032663684544,0.8923245300389314,0.832370352190253,0.2213282585144043,"['minX', 'minY', 'minZ', 'meanX2', 'minX2', 'minY2']"
KENDALL,svm,0.9438465138043987,0.7657542487182185,0.7831385001693052,0.774126035801836,0.8960688329485713,0.7831385001693052,0.9081554412841797,"['minX', 'minY', 'minZ', 'meanX2', 'minX2', 'minY2']"
KENDALL,knn,0.941974730931212,0.852789976619891,0.832370352190253,0.8408032663684544,0.8923245300389314,0.832370352190253,0.24855375289916992,"['minX', 'minY', 'minZ', 'meanX2', 'minX2', 'minY2']"
KENDALL,svm,0.9438465138043987,0.7657542487182185,0.7831385001693052,0.774126035801836,0.8960688329485713,0.7831385001693052,0.9177932739257812,"['minX', 'minY', 'minZ', 'meanX2', 'minX2', 'minY2']"
KENDALL,knn,0.941974730931212,0.852789976619891,0.832370352190253,0.8408032663684544,0.8923245300389314,0.832370352190253,0.37612318992614746,"['minX', 'minY', 'minZ', 'meanX2', 'minX2', 'minY2']"
KENDALL,svm,0.9438465138043987,0.7657542487182185,0.7831385001693052,0.774126035801836,0.8960688329485713,0.7831385001693052,1.1645886898040771,"['minX', 'minY', 'minZ', 'meanX2', 'minX2', 'minY2']"
KENDALL,knn,0.941974730931212,0.852789976619891,0.832370352190253,0.8408032663684544,0.8923245300389314,0.832370352190253,0.316270112991333,"['minX', 'minY', 'minZ', 'meanX2', 'minX2', 'minY2']"
KENDALL,svm,0.9438465138043987,0.7657542487182185,0.7831385001693052,0.774126035801836,0.8960688329485713,0.7831385001693052,1.098726749420166,"['minX', 'minY', 'minZ', 'meanX2', 'minX2', 'minY2']"
KENDALL,knn,0.941974730931212,0.852789976619891,0.832370352190253,0.8408032663684544,0.8923245300389314,0.832370352190253,0.33295583724975586,"['minX', 'minY', 'minZ', 'meanX2', 'minX2', 'minY2']"
KENDALL,svm,0.9438465138043987,0.7657542487182185,0.7831385001693052,0.774126035801836,0.8960688329485713,0.7831385001693052,1.0359110832214355,"['minX', 'minY', 'minZ', 'meanX2', 'minX2', 'minY2']"
KENDALL,knn,0.941974730931212,0.852789976619891,0.832370352190253,0.8408032663684544,0.8923245300389314,0.832370352190253,0.3170814514160156,"['minX', 'minY', 'minZ', 'meanX2', 'minX2', 'minY2']"
KENDALL,svm,0.9438465138043987,0.7657542487182185,0.7831385001693052,0.774126035801836,0.8960688329485713,0.7831385001693052,1.0635063648223877,"['minX', 'minY', 'minZ', 'meanX2', 'minX2', 'minY2']"
KENDALL,knn,0.941974730931212,0.852789976619891,0.832370352190253,0.8408032663684544,0.8923245300389314,0.832370352190253,0.3497788906097412,"['minX', 'minY', 'minZ', 'meanX2', 'minX2', 'minY2']"
KENDALL,svm,0.9438465138043987,0.7657542487182185,0.7831385001693052,0.774126035801836,0.8960688329485713,0.7831385001693052,1.0468978881835938,"['minX', 'minY', 'minZ', 'meanX2', 'minX2', 'minY2']"
KENDALL,knn,0.941974730931212,0.852789976619891,0.832370352190253,0.8408032663684544,0.8923245300389314,0.832370352190253,0.33396148681640625,"['minX', 'minY', 'minZ', 'meanX2', 'minX2', 'minY2']"
KENDALL,svm,0.9438465138043987,0.7657542487182185,0.7831385001693052,0.774126035801836,0.8960688329485713,0.7831385001693052,1.0985724925994873,"['minX', 'minY', 'minZ', 'meanX2', 'minX2', 'minY2']"
KENDALL,knn,0.941974730931212,0.852789976619891,0.832370352190253,0.8408032663684544,0.8923245300389314,0.832370352190253,0.40346384048461914,"['minX', 'minY', 'minZ', 'meanX2', 'minX2', 'minY2']"
KENDALL,svm,0.9438465138043987,0.7657542487182185,0.7831385001693052,0.774126035801836,0.8960688329485713,0.7831385001693052,1.079160451889038,"['minX', 'minY', 'minZ', 'meanX2', 'minX2', 'minY2']"
KENDALL,knn,0.941974730931212,0.852789976619891,0.832370352190253,0.8408032663684544,0.8923245300389314,0.832370352190253,0.3495628833770752,"['minX', 'minY', 'minZ', 'meanX2', 'minX2', 'minY2']"
KENDALL,svm,0.9438465138043987,0.7657542487182185,0.7831385001693052,0.774126035801836,0.8960688329485713,0.7831385001693052,1.0750980377197266,"['minX', 'minY', 'minZ', 'meanX2', 'minX2', 'minY2']"
KENDALL,knn,0.941974730931212,0.852789976619891,0.832370352190253,0.8408032663684544,0.8923245300389314,0.832370352190253,0.332782506942749,"['minX', 'minY', 'minZ', 'meanX2', 'minX2', 'minY2']"
KENDALL,svm,0.9438465138043987,0.7657542487182185,0.7831385001693052,0.774126035801836,0.8960688329485713,0.7831385001693052,1.1153440475463867,"['minX', 'minY', 'minZ', 'meanX2', 'minX2', 'minY2']"
KENDALL,knn,0.941974730931212,0.852789976619891,0.832370352190253,0.8408032663684544,0.8923245300389314,0.832370352190253,0.6017885208129883,"['minX', 'minY', 'minZ', 'meanX2', 'minX2', 'minY2']"
KENDALL,svm,0.9438465138043987,0.7657542487182185,0.7831385001693052,0.774126035801836,0.8960688329485713,0.7831385001693052,1.095576524734497,"['minX', 'minY', 'minZ', 'meanX2', 'minX2', 'minY2']"
KENDALL,knn,0.941974730931212,0.852789976619891,0.832370352190253,0.8408032663684544,0.8923245300389314,0.832370352190253,0.3323361873626709,"['minX', 'minY', 'minZ', 'meanX2', 'minX2', 'minY2']"
KENDALL,svm,0.9438465138043987,0.7657542487182185,0.7831385001693052,0.774126035801836,0.8960688329485713,0.7831385001693052,1.1007943153381348,"['minX', 'minY', 'minZ', 'meanX2', 'minX2', 'minY2']"
KENDALL,knn,0.941974730931212,0.852789976619891,0.832370352190253,0.8408032663684544,0.8923245300389314,0.832370352190253,0.4688279628753662,"['minX', 'minY', 'minZ', 'meanX2', 'minX2', 'minY2']"
KENDALL,svm,0.9438465138043987,0.7657542487182185,0.7831385001693052,0.774126035801836,0.8960688329485713,0.7831385001693052,1.627249002456665,"['minX', 'minY', 'minZ', 'meanX2', 'minX2', 'minY2']"
KENDALL,knn,0.941974730931212,0.852789976619891,0.832370352190253,0.8408032663684544,0.8923245300389314,0.832370352190253,0.6785566806793213,"['minX', 'minY', 'minZ', 'meanX2', 'minX2', 'minY2']"
KENDALL,svm,0.9438465138043987,0.7657542487182185,0.7831385001693052,0.774126035801836,0.8960688329485713,0.7831385001693052,1.8130674362182617,"['minX', 'minY', 'minZ', 'meanX2', 'minX2', 'minY2']"
KENDALL,knn,0.941974730931212,0.852789976619891,0.832370352190253,0.8408032663684544,0.8923245300389314,0.832370352190253,0.3715648651123047,"['minX', 'minY', 'minZ', 'meanX2', 'minX2', 'minY2']"
KENDALL,svm,0.9438465138043987,0.7657542487182185,0.7831385001693052,0.774126035801836,0.8960688329485713,0.7831385001693052,1.2587530612945557,"['minX', 'minY', 'minZ', 'meanX2', 'minX2', 'minY2']"
KENDALL,knn,0.941974730931212,0.852789976619891,0.832370352190253,0.8408032663684544,0.8923245300389314,0.832370352190253,0.3414649963378906,"['minX', 'minY', 'minZ', 'meanX2', 'minX2', 'minY2']"
KENDALL,svm,0.9438465138043987,0.7657542487182185,0.7831385001693052,0.774126035801836,0.8960688329485713,0.7831385001693052,1.0499417781829834,"['minX', 'minY', 'minZ', 'meanX2', 'minX2', 'minY2']"
KENDALL,knn,0.941974730931212,0.852789976619891,0.832370352190253,0.8408032663684544,0.8923245300389314,0.832370352190253,0.3407633304595947,"['minX', 'minY', 'minZ', 'meanX2', 'minX2', 'minY2']"
KENDALL,svm,0.9438465138043987,0.7657542487182185,0.7831385001693052,0.774126035801836,0.8960688329485713,0.7831385001693052,0.9550156593322754,"['minX', 'minY', 'minZ', 'meanX2', 'minX2', 'minY2']"
KENDALL,knn,0.941974730931212,0.852789976619891,0.832370352190253,0.8408032663684544,0.8923245300389314,0.832370352190253,0.2591688632965088,"['minX', 'minY', 'minZ', 'meanX2', 'minX2', 'minY2']"
KENDALL,svm,0.9438465138043987,0.7657542487182185,0.7831385001693052,0.774126035801836,0.8960688329485713,0.7831385001693052,1.0621776580810547,"['minX', 'minY', 'minZ', 'meanX2', 'minX2', 'minY2']"
KENDALL,knn,0.941974730931212,0.852789976619891,0.832370352190253,0.8408032663684544,0.8923245300389314,0.832370352190253,0.33237171173095703,"['minX', 'minY', 'minZ', 'meanX2', 'minX2', 'minY2']"
KENDALL,svm,0.9438465138043987,0.7657542487182185,0.7831385001693052,0.774126035801836,0.8960688329485713,0.7831385001693052,1.115511417388916,"['minX', 'minY', 'minZ', 'meanX2', 'minX2', 'minY2']"
KENDALL,knn,0.941974730931212,0.852789976619891,0.832370352190253,0.8408032663684544,0.8923245300389314,0.832370352190253,0.5684871673583984,"['minX', 'minY', 'minZ', 'meanX2', 'minX2', 'minY2']"
KENDALL,svm,0.9438465138043987,0.7657542487182185,0.7831385001693052,0.774126035801836,0.8960688329485713,0.7831385001693052,1.3424549102783203,"['minX', 'minY', 'minZ', 'meanX2', 'minX2', 'minY2']"
SPEARMAN,knn,0.941974730931212,0.852789976619891,0.832370352190253,0.8408032663684544,0.8923245300389314,0.832370352190253,0.42518043518066406,"['minX', 'minY', 'minZ', 'meanX2', 'minX2', 'minY2']"
SPEARMAN,svm,0.9438465138043987,0.7657542487182185,0.7831385001693052,0.774126035801836,0.8960688329485713,0.7831385001693052,1.4971427917480469,"['minX', 'minY', 'minZ', 'meanX2', 'minX2', 'minY2']"
SPEARMAN,knn,0.941974730931212,0.852789976619891,0.832370352190253,0.8408032663684544,0.8923245300389314,0.832370352190253,0.5502073764801025,"['minX', 'minY', 'minZ', 'meanX2', 'minX2', 'minY2']"
SPEARMAN,svm,0.9438465138043987,0.7657542487182185,0.7831385001693052,0.774126035801836,0.8960688329485713,0.7831385001693052,1.6267051696777344,"['minX', 'minY', 'minZ', 'meanX2', 'minX2', 'minY2']"
SPEARMAN,knn,0.941974730931212,0.852789976619891,0.832370352190253,0.8408032663684544,0.8923245300389314,0.832370352190253,0.7457561492919922,"['minX', 'minY', 'minZ', 'meanX2', 'minX2', 'minY2']"
SPEARMAN,svm,0.9438465138043987,0.7657542487182185,0.7831385001693052,0.774126035801836,0.8960688329485713,0.7831385001693052,1.417449712753296,"['minX', 'minY', 'minZ', 'meanX2', 'minX2', 'minY2']"
SPEARMAN,knn,0.941974730931212,0.852789976619891,0.832370352190253,0.8408032663684544,0.8923245300389314,0.832370352190253,0.34867024421691895,"['minX', 'minY', 'minZ', 'meanX2', 'minX2', 'minY2']"
SPEARMAN,svm,0.9438465138043987,0.7657542487182185,0.7831385001693052,0.774126035801836,0.8960688329485713,0.7831385001693052,1.3525629043579102,"['minX', 'minY', 'minZ', 'meanX2', 'minX2', 'minY2']"
SPEARMAN,knn,0.941974730931212,0.852789976619891,0.832370352190253,0.8408032663684544,0.8923245300389314,0.832370352190253,0.33501195907592773,"['minX', 'minY', 'minZ', 'meanX2', 'minX2', 'minY2']"
SPEARMAN,svm,0.9438465138043987,0.7657542487182185,0.7831385001693052,0.774126035801836,0.8960688329485713,0.7831385001693052,1.2050387859344482,"['minX', 'minY', 'minZ', 'meanX2', 'minX2', 'minY2']"
SPEARMAN,knn,0.941974730931212,0.852789976619891,0.832370352190253,0.8408032663684544,0.8923245300389314,0.832370352190253,0.36153292655944824,"['minX', 'minY', 'minZ', 'meanX2', 'minX2', 'minY2']"
SPEARMAN,svm,0.9438465138043987,0.7657542487182185,0.7831385001693052,0.774126035801836,0.8960688329485713,0.7831385001693052,1.1809380054473877,"['minX', 'minY', 'minZ', 'meanX2', 'minX2', 'minY2']"
SPEARMAN,knn,0.941974730931212,0.852789976619891,0.832370352190253,0.8408032663684544,0.8923245300389314,0.832370352190253,0.3827521800994873,"['minX', 'minY', 'minZ', 'meanX2', 'minX2', 'minY2']"
SPEARMAN,svm,0.9438465138043987,0.7657542487182185,0.7831385001693052,0.774126035801836,0.8960688329485713,0.7831385001693052,1.2942025661468506,"['minX', 'minY', 'minZ', 'meanX2', 'minX2', 'minY2']"
SPEARMAN,knn,0.941974730931212,0.852789976619891,0.832370352190253,0.8408032663684544,0.8923245300389314,0.832370352190253,0.36623573303222656,"['minX', 'minY', 'minZ', 'meanX2', 'minX2', 'minY2']"
SPEARMAN,svm,0.9438465138043987,0.7657542487182185,0.7831385001693052,0.774126035801836,0.8960688329485713,0.7831385001693052,1.1038236618041992,"['minX', 'minY', 'minZ', 'meanX2', 'minX2', 'minY2']"
SPEARMAN,knn,0.941974730931212,0.852789976619891,0.832370352190253,0.8408032663684544,0.8923245300389314,0.832370352190253,0.6864979267120361,"['minX', 'minY', 'minZ', 'meanX2', 'minX2', 'minY2']"
SPEARMAN,svm,0.9438465138043987,0.7657542487182185,0.7831385001693052,0.774126035801836,0.8960688329485713,0.7831385001693052,1.1115703582763672,"['minX', 'minY', 'minZ', 'meanX2', 'minX2', 'minY2']"
SPEARMAN,knn,0.941974730931212,0.852789976619891,0.832370352190253,0.8408032663684544,0.8923245300389314,0.832370352190253,0.3331339359283447,"['minX', 'minY', 'minZ', 'meanX2', 'minX2', 'minY2']"
SPEARMAN,svm,0.9438465138043987,0.7657542487182185,0.7831385001693052,0.774126035801836,0.8960688329485713,0.7831385001693052,1.0800106525421143,"['minX', 'minY', 'minZ', 'meanX2', 'minX2', 'minY2']"
SPEARMAN,knn,0.941974730931212,0.852789976619891,0.832370352190253,0.8408032663684544,0.8923245300389314,0.832370352190253,0.3627498149871826,"['minX', 'minY', 'minZ', 'meanX2', 'minX2', 'minY2']"
SPEARMAN,svm,0.9438465138043987,0.7657542487182185,0.7831385001693052,0.774126035801836,0.8960688329485713,0.7831385001693052,1.1648368835449219,"['minX', 'minY', 'minZ', 'meanX2', 'minX2', 'minY2']"
SPEARMAN,knn,0.941974730931212,0.852789976619891,0.832370352190253,0.8408032663684544,0.8923245300389314,0.832370352190253,0.3367891311645508,"['minX', 'minY', 'minZ', 'meanX2', 'minX2', 'minY2']"
SPEARMAN,svm,0.9438465138043987,0.7657542487182185,0.7831385001693052,0.774126035801836,0.8960688329485713,0.7831385001693052,1.150510311126709,"['minX', 'minY', 'minZ', 'meanX2', 'minX2', 'minY2']"
SPEARMAN,knn,0.941974730931212,0.852789976619891,0.832370352190253,0.8408032663684544,0.8923245300389314,0.832370352190253,0.32398176193237305,"['minX', 'minY', 'minZ', 'meanX2', 'minX2', 'minY2']"
SPEARMAN,svm,0.9438465138043987,0.7657542487182185,0.7831385001693052,0.774126035801836,0.8960688329485713,0.7831385001693052,1.0682661533355713,"['minX', 'minY', 'minZ', 'meanX2', 'minX2', 'minY2']"
SPEARMAN,knn,0.941974730931212,0.852789976619891,0.832370352190253,0.8408032663684544,0.8923245300389314,0.832370352190253,0.34093666076660156,"['minX', 'minY', 'minZ', 'meanX2', 'minX2', 'minY2']"
SPEARMAN,svm,0.9438465138043987,0.7657542487182185,0.7831385001693052,0.774126035801836,0.8960688329485713,0.7831385001693052,1.041646957397461,"['minX', 'minY', 'minZ', 'meanX2', 'minX2', 'minY2']"
SPEARMAN,knn,0.941974730931212,0.852789976619891,0.832370352190253,0.8408032663684544,0.8923245300389314,0.832370352190253,0.28276562690734863,"['minX', 'minY', 'minZ', 'meanX2', 'minX2', 'minY2']"
SPEARMAN,svm,0.9438465138043987,0.7657542487182185,0.7831385001693052,0.774126035801836,0.8960688329485713,0.7831385001693052,1.039747714996338,"['minX', 'minY', 'minZ', 'meanX2', 'minX2', 'minY2']"
SPEARMAN,knn,0.941974730931212,0.852789976619891,0.832370352190253,0.8408032663684544,0.8923245300389314,0.832370352190253,0.2897353172302246,"['minX', 'minY', 'minZ', 'meanX2', 'minX2', 'minY2']"
SPEARMAN,svm,0.9438465138043987,0.7657542487182185,0.7831385001693052,0.774126035801836,0.8960688329485713,0.7831385001693052,1.0860404968261719,"['minX', 'minY', 'minZ', 'meanX2', 'minX2', 'minY2']"
SPEARMAN,knn,0.941974730931212,0.852789976619891,0.832370352190253,0.8408032663684544,0.8923245300389314,0.832370352190253,0.49916958808898926,"['minX', 'minY', 'minZ', 'meanX2', 'minX2', 'minY2']"
SPEARMAN,svm,0.9438465138043987,0.7657542487182185,0.7831385001693052,0.774126035801836,0.8960688329485713,0.7831385001693052,1.3428173065185547,"['minX', 'minY', 'minZ', 'meanX2', 'minX2', 'minY2']"
SPEARMAN,knn,0.941974730931212,0.852789976619891,0.832370352190253,0.8408032663684544,0.8923245300389314,0.832370352190253,0.33162903785705566,"['minX', 'minY', 'minZ', 'meanX2', 'minX2', 'minY2']"
SPEARMAN,svm,0.9438465138043987,0.7657542487182185,0.7831385001693052,0.774126035801836,0.8960688329485713,0.7831385001693052,1.1856868267059326,"['minX', 'minY', 'minZ', 'meanX2', 'minX2', 'minY2']"
SPEARMAN,knn,0.941974730931212,0.852789976619891,0.832370352190253,0.8408032663684544,0.8923245300389314,0.832370352190253,0.33023905754089355,"['minX', 'minY', 'minZ', 'meanX2', 'minX2', 'minY2']"
SPEARMAN,svm,0.9438465138043987,0.7657542487182185,0.7831385001693052,0.774126035801836,0.8960688329485713,0.7831385001693052,1.2087182998657227,"['minX', 'minY', 'minZ', 'meanX2', 'minX2', 'minY2']"
SPEARMAN,knn,0.941974730931212,0.852789976619891,0.832370352190253,0.8408032663684544,0.8923245300389314,0.832370352190253,0.44553089141845703,"['minX', 'minY', 'minZ', 'meanX2', 'minX2', 'minY2']"
SPEARMAN,svm,0.9438465138043987,0.7657542487182185,0.7831385001693052,0.774126035801836,0.8960688329485713,0.7831385001693052,1.1512649059295654,"['minX', 'minY', 'minZ', 'meanX2', 'minX2', 'minY2']"
SPEARMAN,knn,0.941974730931212,0.852789976619891,0.832370352190253,0.8408032663684544,0.8923245300389314,0.832370352190253,0.3315010070800781,"['minX', 'minY', 'minZ', 'meanX2', 'minX2', 'minY2']"
SPEARMAN,svm,0.9438465138043987,0.7657542487182185,0.7831385001693052,0.774126035801836,0.8960688329485713,0.7831385001693052,1.2273077964782715,"['minX', 'minY', 'minZ', 'meanX2', 'minX2', 'minY2']"
SPEARMAN,knn,0.941974730931212,0.852789976619891,0.832370352190253,0.8408032663684544,0.8923245300389314,0.832370352190253,0.3126959800720215,"['minX', 'minY', 'minZ', 'meanX2', 'minX2', 'minY2']"
SPEARMAN,svm,0.9438465138043987,0.7657542487182185,0.7831385001693052,0.774126035801836,0.8960688329485713,0.7831385001693052,1.1057522296905518,"['minX', 'minY', 'minZ', 'meanX2', 'minX2', 'minY2']"
SPEARMAN,knn,0.941974730931212,0.852789976619891,0.832370352190253,0.8408032663684544,0.8923245300389314,0.832370352190253,0.3458733558654785,"['minX', 'minY', 'minZ', 'meanX2', 'minX2', 'minY2']"
SPEARMAN,svm,0.9438465138043987,0.7657542487182185,0.7831385001693052,0.774126035801836,0.8960688329485713,0.7831385001693052,1.2652084827423096,"['minX', 'minY', 'minZ', 'meanX2', 'minX2', 'minY2']"
SPEARMAN,knn,0.941974730931212,0.852789976619891,0.832370352190253,0.8408032663684544,0.8923245300389314,0.832370352190253,0.444779634475708,"['minX', 'minY', 'minZ', 'meanX2', 'minX2', 'minY2']"
SPEARMAN,svm,0.9438465138043987,0.7657542487182185,0.7831385001693052,0.774126035801836,0.8960688329485713,0.7831385001693052,1.3137142658233643,"['minX', 'minY', 'minZ', 'meanX2', 'minX2', 'minY2']"
SPEARMAN,knn,0.941974730931212,0.852789976619891,0.832370352190253,0.8408032663684544,0.8923245300389314,0.832370352190253,0.5492572784423828,"['minX', 'minY', 'minZ', 'meanX2', 'minX2', 'minY2']"
SPEARMAN,svm,0.9438465138043987,0.7657542487182185,0.7831385001693052,0.774126035801836,0.8960688329485713,0.7831385001693052,1.2931547164916992,"['minX', 'minY', 'minZ', 'meanX2', 'minX2', 'minY2']"
SPEARMAN,knn,0.941974730931212,0.852789976619891,0.832370352190253,0.8408032663684544,0.8923245300389314,0.832370352190253,0.33758115768432617,"['minX', 'minY', 'minZ', 'meanX2', 'minX2', 'minY2']"
SPEARMAN,svm,0.9438465138043987,0.7657542487182185,0.7831385001693052,0.774126035801836,0.8960688329485713,0.7831385001693052,1.3049418926239014,"['minX', 'minY', 'minZ', 'meanX2', 'minX2', 'minY2']"
SPEARMAN,knn,0.941974730931212,0.852789976619891,0.832370352190253,0.8408032663684544,0.8923245300389314,0.832370352190253,0.5471038818359375,"['minX', 'minY', 'minZ', 'meanX2', 'minX2', 'minY2']"
SPEARMAN,svm,0.9438465138043987,0.7657542487182185,0.7831385001693052,0.774126035801836,0.8960688329485713,0.7831385001693052,1.3095145225524902,"['minX', 'minY', 'minZ', 'meanX2', 'minX2', 'minY2']"
SPEARMAN,knn,0.941974730931212,0.852789976619891,0.832370352190253,0.8408032663684544,0.8923245300389314,0.832370352190253,0.3215296268463135,"['minX', 'minY', 'minZ', 'meanX2', 'minX2', 'minY2']"
SPEARMAN,svm,0.9438465138043987,0.7657542487182185,0.7831385001693052,0.774126035801836,0.8960688329485713,0.7831385001693052,1.2309889793395996,"['minX', 'minY', 'minZ', 'meanX2', 'minX2', 'minY2']"
SPEARMAN,knn,0.941974730931212,0.852789976619891,0.832370352190253,0.8408032663684544,0.8923245300389314,0.832370352190253,0.37195539474487305,"['minX', 'minY', 'minZ', 'meanX2', 'minX2', 'minY2']"
SPEARMAN,svm,0.9438465138043987,0.7657542487182185,0.7831385001693052,0.774126035801836,0.8960688329485713,0.7831385001693052,1.166071891784668,"['minX', 'minY', 'minZ', 'meanX2', 'minX2', 'minY2']"
SPEARMAN,knn,0.941974730931212,0.852789976619891,0.832370352190253,0.8408032663684544,0.8923245300389314,0.832370352190253,0.2671546936035156,"['minX', 'minY', 'minZ', 'meanX2', 'minX2', 'minY2']"
SPEARMAN,svm,0.9438465138043987,0.7657542487182185,0.7831385001693052,0.774126035801836,0.8960688329485713,0.7831385001693052,0.983302116394043,"['minX', 'minY', 'minZ', 'meanX2', 'minX2', 'minY2']"
